﻿<?xml version="1.0" encoding="utf-8"?>
<Root>
    <ComponentList>
        <Component name="HttpPipe" module="libhttppipe.so" path="WONDER:\\lib2\\httppipe\\" enable="1" version="1.0.0" style="static" desc="网络模块" />
        <Component name="mediaplayer" module="libmediaplayer.so" path="WONDER:\\lib2\\mediaplayer\\" enable="1" version="1.0.0" style="static" desc="播放器" />
        <Component name="Dresden" module="libdresden.so" path="WONDER:\\lib2\\dresden\\" enable="1" version="1.0.0" style="static" desc="引擎组件" />
        <Component name="codecjpeg" module="libcodecjpeg.so" path="WONDER:\\lib2\\codecjpeg\\" enable="1" version="1.0.0" style="static|codec" desc="JPEG" />
        <Component name="AppManager" module="libappmanager.so" path="WONDER:\\lib2\\appmanager\\" enable="1" version="1.0.0" style="static" desc="应用管理" />
        <Component name="SysPlayer" module="libsysplayer.so" path="WONDER:\\lib2\\sysplayer\\" enable="1" version="1.0.0" style="static" desc="系统播放器" />
        <!-- todo: gif -->
    </ComponentList>
</Root>
