﻿<?xml version="1.0" encoding="utf-8"?>
<Root>
    <ComponentList>
        <Component name="HttpPipe" module="libhttppipe.so" path="WONDER:\\lib2\\httppipe\\" enable="1" version="1.0.0" style="static" desc="网络模块" />
        <Component name="mediaplayer" module="libmediaplayer.so" path="WONDER:\\lib2\\mediaplayer\\" enable="1" version="1.0.0" style="static" desc="播放器" />
        <Component name="Dresden" module="libdresden.so" path="WONDER:\\lib2\\dresden\\" enable="1" version="1.0.0" style="static" desc="引擎组件" />
        <Component name="codecjpeg" module="libcodecjpeg.so" path="WONDER:\\lib2\\codecjpeg\\" enable="1" version="1.0.0" style="static|codec" desc="JPEG" />
        <Component name="AppManager" module="libappmanager.so" path="WONDER:\\lib2\\appmanager\\" enable="1" version="1.0.0" style="static" desc="应用管理" />
        <Component name="SysPlayer" module="libsysplayer.so" path="WONDER:\\lib2\\sysplayer\\" enable="1" version="1.0.0" style="static" desc="系统播放器" />
        <Component name="UmsAgent" module="libumsagent.so" path="WONDER:\\lib2\\umsagent\\" enable="1" version="1.0.0" style="static" desc="Cobub Razor" />
        <Component name="codecgif" module="libcodecgif.so" path="WONDER:\\lib2\\codecgif\\" enable="1" version="1.0.0" style="static|codec" desc="GIF" />
        <Component name="MapView" module="libmapview.so" path="WONDER:\\lib2\\mapview\\" enable="1" version="1.0.0" style="static" desc="地图组件" />
        <Component name="BarcodeScanner" module="libbarcodescanner.so" path="WONDER:\\lib2\\barcodescanner\\" enable="1" version="1.0.0" style="static" desc="BarcodeScanner插件" />
        <Component name="WebBrowser" module="libwebbrowser.so" path="WONDER:\\lib2\\webbrowser\\" enable="1" version="1.0.0" style="static" desc="WebBrowser" />
    </ComponentList>
</Root>
