﻿<?xml version="1.0" encoding="utf-8"?>
<Root>
    <ComponentList>
        <Component name="HttpPipe" module="libhttppipe.so" path="WONDER:\\lib2\\httppipe\\" enable="1" version="1.0.0" style="static" desc="网络模块" />
        <Component name="mediaplayer" module="libmediaplayer.so" path="WONDER:\\lib2\\mediaplayer\\" enable="1" version="1.0.0" style="static" desc="播放器" />
        <Component name="Dresden" module="libdresden.so" path="WONDER:\\lib2\\dresden\\" enable="1" version="1.0.0" style="static" desc="引擎组件" />
        <Component name="codecjpeg" module="libcodecjpeg.so" path="WONDER:\\lib2\\codecjpeg\\" enable="1" version="1.0.0" style="static|codec" desc="JPEG" />
		    <Component name="CodecGif" module="libcodecgif.so" path="WONDER:\\lib2\\codecgif\\" enable="1" version="1.0.0" style="static|codec" desc="GIF" />
		    <Component name="WebBrowser" module="libwebbrowser.so" path="WONDER:\\lib2\\webbrowser\\" enable="1" version="1.0.0" style="static" desc="浏览器组件" /> 
    </ComponentList>
</Root>
