﻿<?xml version="1.0" encoding="utf-8"?>
<Root>
    <ComponentList>
        <Component name="HttpPipe" module="libhttppipe.so" path="WONDER:\\lib2\\httppipe\\" enable="1" version="1.0.0" style="static" desc="网络模块" />
        <Component name="Dresden" module="libdresden.so" path="WONDER:\\lib2\\dresden\\" enable="1" version="1.0.0" style="static" desc="引擎组件" />
        <Component name="codecjpeg" module="libcodecjpeg.so" path="WONDER:\\lib2\\codecjpeg\\" enable="1" version="1.0.0" style="static|codec" desc="JPEG" />
        <Component name="AppManager" module="libappmanager.so" path="WONDER:\\lib2\\appmanager\\" enable="1" version="1.0.0" style="static" desc="应用管理" />
        <Component name="UmsAgent" module="libumsagent.so" path="WONDER:\\lib2\\umsagent\\" enable="1" version="1.0.0" style="static" desc="Cobub Razor" />
        <Component name="codecgif" module="libcodecgif.so" path="WONDER:\\lib2\\codecgif\\" enable="1" version="1.0.0" style="static|codec" desc="GIF" />
        <Component name="WebBrowser" module="libwebbrowser.so" path="WONDER:\\lib2\\webbrowser\\" enable="1" version="1.0.0" style="static" desc="WebBrowser" />
        <Component name="MsgPush" module="libmsgpush.so" path="WONDER:\\lib2\\msgpush\\" enable="1"  version="1.0.0" style="static" desc="MsgPush"/>
        <Component name="Sqlite3" module="libsqlite3.so" path="WONDER:\\lib2\\sqlite3\\" enable="1"  version="1.0.0" style="static" desc="Sqlite3"/>
    </ComponentList>
</Root>
