﻿<?xml version="1.0" encoding="utf-8"?>
<Root>
    <ComponentList>
        <Component name="HttpPipe" module="libhttppipe.so" path="WONDER:\\lib2\\httppipe\\" enable="1" version="1.0.0" style="static" desc="网络模块" />
        <Component name="mediaplayer" module="libmediaplayer.so" path="WONDER:\\lib2\\mediaplayer\\" enable="1" version="1.0.0" style="static" desc="播放器" />
        <Component name="Dresden" module="libdresden.so" path="WONDER:\\lib2\\dresden\\" enable="1" version="1.0.0" style="static" desc="引擎组件" />
        <Component name="codecjpeg" module="libcodecjpeg.so" path="WONDER:\\lib2\\codecjpeg\\" enable="1" version="1.0.0" style="static|codec" desc="JPEG" />
        <Component name="codecgif" module="libcodecgif.so" path="WONDER:\\lib2\\codecgif\\" enable="1" version="1.0.0" style="static|codec" desc="GIF" />
        <Component name="codecsvg" module="libcodecsvg.so" path="WONDER:\\lib2\\svg\\" enable="1" version="1.0.0" style="static|codec" desc="SVG" />
        <Component name="Sqlite3" module="libsqlite3.so" path="WONDER:\\lib2\\sqlite3\\" enable="1"  version="1.0.0" style="static" desc="数据库"/>
        <Component name="voiceinput" module="libvoiceinput.so" path="WONDER:\\lib2\\voiceinput\\" enable="1" version="1.0.0" style="static" desc="语音" />
        <Component name="AppManager" module="libappmanager.so" path="WONDER:\\lib2\\appmanager\\" enable="1" version="1.0.0" style="static" desc="应用管理" />
        <Component name="WebBrowser" module="libwebbrowser.so" path="WONDER:\\lib2\\webbrowser\\" enable="1" version="1.0.0" style="static" desc="WebBrowser" />
    </ComponentList>
</Root>
